종목명,연도,총자산 증가율,유형자산 증가율,매출액 증가율,매출액 영업이익률,매출액 순이익률,총자산 영업이익률,총자산 순이익률,영업이익 이자보상비율,EBITDA대 매출액,유동비율,당좌비율,매출채권/매입채무비율,부채비율,유동부채비율,차입금의존도,총자산회전율,재고자산회전율,매출채권회전율
AAPL,2023,계산 불가 (이전 연도 필요),계산 불가 (이전 연도 필요),계산 불가 (이전 연도 필요),0.2982141226502472,0.2530623426432028,0.32418182385424144,0.27509834563776475,29.062039155860667,0.3282674772036474,1.4402152567715618,0.6266838467845848,0.47129098720672086,4.673462491552152,0.4996918436700558,0.3150690759338936,1.087077369016657,33.82356657716001,12.989189372373593
