종목명,연도,총자산 증가율,유형자산 증가율,매출액 증가율,매출액 영업이익률,매출액 순이익률,총자산 영업이익률,총자산 순이익률,영업이익 이자보상비율,EBITDA대 매출액,유동비율,당좌비율,매출채권/매입채무비율,부채비율,유동부채비율,차입금의존도,총자산회전율,재고자산회전율,매출채권회전율
AAPL,2024,계산 불가 (이전 연도 필요),계산 불가 (이전 연도 필요),계산 불가 (이전 연도 필요),0.31510222870075566,0.23971255769943867,0.33759658063455533,0.25682503150857583,,0.3443707085043538,1.6104240416900895,0.7306856682720795,0.48448375870069604,5.408779631255487,0.4273544784598903,0.29215025480848267,1.0713874732862074,28.870710952511665,11.704130499850343
