종목명,연도,총자산 증가율,유형자산 증가율,매출액 증가율,매출액 영업이익률,매출액 순이익률,총자산 영업이익률,총자산 순이익률,영업이익 이자보상비율,EBITDA대 매출액,유동비율,당좌비율,매출채권/매입채무비율,부채비율,유동부채비율,차입금의존도,총자산회전율,재고자산회전율,매출채권회전율
AMGN,2024,계산 불가 (이전 연도 필요),계산 불가 (이전 연도 필요),계산 불가 (이전 연도 필요),0.21714935375777883,0.12236716132120631,0.07902960615860365,0.044534457038948594,2.300475435816165,0.399593106749641,0.9991409891351033,0.3097847700555176,3.5545073375262053,14.626850433894845,0.7312882436425397,0.6543951915852743,0.3639412450048454,1.8373821091740496,4.928339722795635
