종목명,연도,총자산 증가율,유형자산 증가율,매출액 증가율,매출액 영업이익률,매출액 순이익률,총자산 영업이익률,총자산 순이익률,영업이익 이자보상비율,EBITDA대 매출액,유동비율,당좌비율,매출채권/매입채무비율,부채비율,유동부채비율,차입금의존도,총자산회전율,재고자산회전율,매출채권회전율
AMGN,2023,계산 불가 (이전 연도 필요),계산 불가 (이전 연도 필요),계산 불가 (이전 연도 필요),0.28013479957431714,0.23827598439162823,0.08128332338349424,0.06913765773925933,2.746782608695652,0.5250443419652359,0.9213015304012133,0.26038880463256586,4.571069182389937,14.589537869062902,0.79771672422516,0.6650575375177553,0.2901578936533751,0.8878966169363312,3.8786461199779856
