종목명,연도,총자산 증가율,유형자산 증가율,매출액 증가율,매출액 영업이익률,매출액 순이익률,총자산 영업이익률,총자산 순이익률,영업이익 이자보상비율,EBITDA대 매출액,유동비율,당좌비율,매출채권/매입채무비율,부채비율,유동부채비율,차입금의존도,총자산회전율,재고자산회전율,매출채권회전율
AMZN,2023,계산 불가 (이전 연도 필요),계산 불가 (이전 연도 필요),계산 불가 (이전 연도 필요),0.0641144079960333,0.05293283575597832,0.06981475938422367,0.057639044129626754,11.581395348837209,0.15360004175474307,2.2072431734363165,0.7800722703058449,0.6148786199268071,1.6147566563467493,0.4940870424168428,0.25691005467420913,1.0889090543976174,14.436040578666187,11.000038275314337
