종목명,연도,총자산 증가율,유형자산 증가율,매출액 증가율,매출액 영업이익률,매출액 순이익률,총자산 영업이익률,총자산 순이익률,영업이익 이자보상비율,EBITDA대 매출액,유동비율,당좌비율,매출채권/매입채무비율,부채비율,유동부채비율,차입금의존도,총자산회전율,재고자산회전율,매출채권회전율
AMZN,2024,계산 불가 (이전 연도 필요),계산 불가 (이전 연도 필요),계산 불가 (이전 연도 필요),0.1075194487420038,0.09287117197186653,0.10976741655384753,0.09481288026449286,28.509143807148796,0.19694682573645014,2.7212918435291833,0.8416043337325149,0.5876349840509522,1.1851732699234185,0.47058632613801327,0.20947552704938757,1.020907545919788,15.003711930788565,11.504914248615895
