종목명,연도,총자산 증가율,유형자산 증가율,매출액 증가율,매출액 영업이익률,매출액 순이익률,총자산 영업이익률,총자산 순이익률,영업이익 이자보상비율,EBITDA대 매출액,유동비율,당좌비율,매출채권/매입채무비율,부채비율,유동부채비율,차입금의존도,총자산회전율,재고자산회전율,매출채권회전율
BA,2024,계산 불가 (이전 연도 필요),계산 불가 (이전 연도 필요),계산 불가 (이전 연도 필요),-0.16096636949952645,-0.17783423786400468,-0.06847527867845973,-0.07565088927687497,-3.9291743119266056,-0.11675210848354556,0.44882039272773305,0.395607525435529,,-41.0125383828045,0.39431109891001204,0.3465525731790769,0.4254011498884007,0.7825014277555683,
