종목명,연도,총자산 증가율,유형자산 증가율,매출액 증가율,매출액 영업이익률,매출액 순이익률,총자산 영업이익률,총자산 순이익률,영업이익 이자보상비율,EBITDA대 매출액,유동비율,당좌비율,매출채권/매입채무비율,부채비율,유동부채비율,차입금의존도,총자산회전율,재고자산회전율,매출채권회전율
BA,2023,계산 불가 (이전 연도 필요),계산 불가 (이전 연도 필요),계산 불가 (이전 연도 필요),-0.009936498958788596,-0.028819703319022033,-0.005641841590517619,-0.016363530201734155,-0.31435542903619357,0.02914106486361416,0.4748429288000959,0.4066902915446904,,-8.950269831137932,0.37871498962655603,0.3839298747554959,0.5677896826555339,0.8787198555322858,
