종목명,연도,총자산 증가율,유형자산 증가율,매출액 증가율,매출액 영업이익률,매출액 순이익률,총자산 영업이익률,총자산 순이익률,영업이익 이자보상비율,EBITDA대 매출액,유동비율,당좌비율,매출채권/매입채무비율,부채비율,유동부채비율,차입금의존도,총자산회전율,재고자산회전율,매출채권회전율
CAT,2024,계산 불가 (이전 연도 필요),계산 불가 (이전 연도 필요),계산 불가 (이전 연도 필요),0.20170038111990618,0.1664583622645003,0.1489448976801422,0.12292055968278565,25.53125,0.24576833464487957,1.169009389410523,0.7149286071448414,1.8849511400651466,3.502642245138782,0.5272887066061227,0.43763957887060756,0.7384462877717515,2.4653830153919296,4.4797815718531835
