종목명,연도,총자산 증가율,유형자산 증가율,매출액 증가율,매출액 영업이익률,매출액 순이익률,총자산 영업이익률,총자산 순이익률,영업이익 이자보상비율,EBITDA대 매출액,유동비율,당좌비율,매출채권/매입채무비율,부채비율,유동부채비율,차입금의존도,총자산회전율,재고자산회전율,매출채권회전율
CAT,2023,계산 불가 (이전 연도 필요),계산 불가 (이전 연도 필요),계산 불가 (이전 연도 필요),0.19334923948702654,0.15407098121085594,0.14822351273492157,0.1181123965430518,25.373776908023483,0.23546078138980017,1.2190404572116107,0.7759963904346519,1.7584113331646851,3.4868677541807735,0.4890912568225619,0.4330101970826284,0.7666102702455531,2.64394808330818,4.823766364551863
