종목명,연도,총자산 증가율,유형자산 증가율,매출액 증가율,매출액 영업이익률,매출액 순이익률,총자산 영업이익률,총자산 순이익률,영업이익 이자보상비율,EBITDA대 매출액,유동비율,당좌비율,매출채권/매입채무비율,부채비율,유동부채비율,차입금의존도,총자산회전율,재고자산회전율,매출채권회전율
CRM,2024,계산 불가 (이전 연도 필요),계산 불가 (이전 연도 필요),계산 불가 (이전 연도 필요),0.14375878589666352,0.11865622400091803,0.05019885196798333,0.04143333700650151,,0.3219726310353731,5.222870219991141,1.4680348442344604,,0.6735908526975825,0.33715807551584237,0.12610320266872363,0.3491880628712822,,3.0538811985281233
