종목명,연도,총자산 증가율,유형자산 증가율,매출액 증가율,매출액 영업이익률,매출액 순이익률,총자산 영업이익률,총자산 순이익률,영업이익 이자보상비율,EBITDA대 매출액,유동비율,당좌비율,매출채권/매입채무비율,부채비율,유동부채비율,차입금의존도,총자산회전율,재고자산회전율,매출채권회전율
CRM,2023,계산 불가 (이전 연도 필요),계산 불가 (이전 연도 필요),계산 불가 (이전 연도 필요),0.03285276856340903,0.006634345496300076,0.010419933433823306,0.002104219567218687,,0.21405332993110487,4.96294266730598,1.2172751558325914,,0.6938090097499957,0.36055816250926154,0.142520409918158,0.31717063399730905,,2.915109251510925
