종목명,연도,총자산 증가율,유형자산 증가율,매출액 증가율,매출액 영업이익률,매출액 순이익률,총자산 영업이익률,총자산 순이익률,영업이익 이자보상비율,EBITDA대 매출액,유동비율,당좌비율,매출채권/매입채무비율,부채비율,유동부채비율,차입금의존도,총자산회전율,재고자산회전율,매출채권회전율
CSCO,2024,계산 불가 (이전 연도 필요),계산 불가 (이전 연도 필요),계산 불가 (이전 연도 필요),0.22640001486905934,0.1918108655651172,0.09790777491098197,0.08294953099756457,12.108349900596421,0.3104287864988941,2.281637652454915,0.2669915563431669,0.27734375,1.7369382053369118,0.4859921981863316,0.2488646684831971,0.4324548077773223,5.089238067002668,84.19874804381847
