종목명,연도,총자산 증가율,유형자산 증가율,매출액 증가율,매출액 영업이익률,매출액 순이익률,총자산 영업이익률,총자산 순이익률,영업이익 이자보상비율,EBITDA대 매출액,유동비율,당좌비율,매출채권/매입채무비율,부채비율,유동부채비율,차입금의존도,총자산회전율,재고자산회전율,매출채권회전율
CSCO,2023,계산 불가 (이전 연도 필요),계산 불가 (이전 연도 필요),계산 불가 (이전 연도 필요),0.26371100740376857,0.2212884662619741,0.14757687625181637,0.12383654714684052,35.20140515222482,0.31894101547422715,2.2338297059946544,0.4960672012218404,0.2654561175961954,1.2963948323675962,0.455486182368389,0.08238424380473629,0.5596159132859443,5.433863885839736,92.83061889250814
