종목명,연도,총자산 증가율,유형자산 증가율,매출액 증가율,매출액 영업이익률,매출액 순이익률,총자산 영업이익률,총자산 순이익률,영업이익 이자보상비율,EBITDA대 매출액,유동비율,당좌비율,매출채권/매입채무비율,부채비율,유동부채비율,차입금의존도,총자산회전율,재고자산회전율,매출채권회전율
CVX,2023,계산 불가 (이전 연도 필요),계산 불가 (이전 연도 필요),계산 불가 (이전 연도 필요),-0.0066374490257118625,0.10873329846175722,-0.0049955662915851275,0.08183631971624267,-2.786780383795309,0.2287406113359707,3.2693898732300393,0.4166209504040329,0.04612446751211869,0.6194387320837242,0.6764590834779295,0.07963857632093933,0.7526334699119374,15.852531351602416,209.03715498938428
