종목명,연도,총자산 증가율,유형자산 증가율,매출액 증가율,매출액 영업이익률,매출액 순이익률,총자산 영업이익률,총자산 순이익률,영업이익 이자보상비율,EBITDA대 매출액,유동비율,당좌비율,매출채권/매입채무비율,부채비율,유동부채비율,차입금의존도,총자산회전율,재고자산회전율,매출채권회전율
DIS,2024,계산 불가 (이전 연도 필요),계산 불가 (이전 연도 필요),계산 불가 (이전 연도 필요),,0.06318888803756527,,0.02942120793603066,,0.20018388590317532,3.047844842953403,0.3338978216692217,0.698905109489051,0.9007011202033844,0.618521009515199,0.24841121400068292,0.46560730612224094,29.02967359050445,8.834832221255198
