종목명,연도,총자산 증가율,유형자산 증가율,매출액 증가율,매출액 영업이익률,매출액 순이익률,총자산 영업이익률,총자산 순이익률,영업이익 이자보상비율,EBITDA대 매출액,유동비율,당좌비율,매출채권/매입채무비율,부채비율,유동부채비율,차입금의존도,총자산회전율,재고자산회전율,매출채권회전율
DIS,2023,계산 불가 (이전 연도 필요),계산 불가 (이전 연도 필요),계산 불가 (이전 연도 필요),0.00031496771580912956,0.03813359130689104,0.0001362006819762719,0.016490011139270063,0.01419158641662443,0.17925037683637426,2.8133098912548022,0.4315947125089536,0.67299173553719,0.9324113339444181,0.6636058206488273,0.24270475097164593,0.4324274366545221,30.15843097300051,8.733470871401906
