종목명,연도,총자산 증가율,유형자산 증가율,매출액 증가율,매출액 영업이익률,매출액 순이익률,총자산 영업이익률,총자산 순이익률,영업이익 이자보상비율,EBITDA대 매출액,유동비율,당좌비율,매출채권/매입채무비율,부채비율,유동부채비율,차입금의존도,총자산회전율,재고자산회전율,매출채권회전율
HD,2024,계산 불가 (이전 연도 필요),계산 불가 (이전 연도 필요),계산 불가 (이전 연도 필요),0.1420655142825328,0.09918844035134834,0.28340520057493795,0.19787011629426368,11.162635100360268,0.1644996692190294,0.8743992070468104,0.13255783508817864,0.27428514496363454,72.30459770114942,0.7083565164401346,0.6826473278452895,1.994890892460473,4.821462623951183,55.45550308754086
