종목명,연도,총자산 증가율,유형자산 증가율,매출액 증가율,매출액 영업이익률,매출액 순이익률,총자산 영업이익률,총자산 순이익률,영업이익 이자보상비율,EBITDA대 매출액,유동비율,당좌비율,매출채권/매입채무비율,부채비율,유동부채비율,차입금의존도,총자산회전율,재고자산회전율,매출채권회전율
HD,2023,계산 불가 (이전 연도 필요),계산 불가 (이전 연도 필요),계산 불가 (이전 연도 필요),0.15272262917479337,0.10867010158637383,0.3144613774609196,0.2237556413107463,14.866419294990724,0.17197257993812062,0.8493616363741718,0.11731983852587256,0.2466136502665385,47.9404609475032,0.6913852276217566,0.658826607364772,2.059035908169272,4.183275737362372,55.77710843373494
