종목명,연도,총자산 증가율,유형자산 증가율,매출액 증가율,매출액 영업이익률,매출액 순이익률,총자산 영업이익률,총자산 순이익률,영업이익 이자보상비율,EBITDA대 매출액,유동비율,당좌비율,매출채권/매입채무비율,부채비율,유동부채비율,차입금의존도,총자산회전율,재고자산회전율,매출채권회전율
HON,2023,계산 불가 (이전 연도 필요),계산 불가 (이전 연도 필요),계산 불가 (이전 연도 필요),0.011756041678031749,0.15471059953084937,0.007005282405526209,0.09219016659894352,0.5633986928104575,0.24854072336479188,1.4323978150310792,0.5822188736108495,0.024821141772521534,2.843340060544904,0.5887898145683613,0.3500365704997968,0.5958878504672898,3.7220783425056654,215.65882352941176
