종목명,연도,총자산 증가율,유형자산 증가율,매출액 증가율,매출액 영업이익률,매출액 순이익률,총자산 영업이익률,총자산 순이익률,영업이익 이자보상비율,EBITDA대 매출액,유동비율,당좌비율,매출채권/매입채무비율,부채비율,유동부채비율,차입금의존도,총자산회전율,재고자산회전율,매출채권회전율
HON,2024,계산 불가 (이전 연도 필요),계산 불가 (이전 연도 필요),계산 불가 (이전 연도 필요),0.010727830017143747,0.14909865447555717,0.005492313420926645,0.07633384754508218,0.390359168241966,0.25710426515663154,1.3596710658730844,0.5286523476810719,0.024854651162790696,3.0095601267522425,0.6206656553939502,0.42854673120910686,0.5119687217405181,3.7000931387767775,225.1345029239766
