종목명,연도,총자산 증가율,유형자산 증가율,매출액 증가율,매출액 영업이익률,매출액 순이익률,총자산 영업이익률,총자산 순이익률,영업이익 이자보상비율,EBITDA대 매출액,유동비율,당좌비율,매출채권/매입채무비율,부채비율,유동부채비율,차입금의존도,총자산회전율,재고자산회전율,매출채권회전율
IBM,2023,계산 불가 (이전 연도 필요),계산 불가 (이전 연도 필요),계산 불가 (이전 연도 필요),0.004930488199159392,0.12127384416424183,0.002255233250271737,0.055471343749306797,0.1897946484131923,0.238360814742968,1.303492726670573,0.34422846661401674,1.3954501452081316,4.998357963875205,0.6970380367226622,0.4431718191968412,0.4574056683993759,20.808785529715763,10.72840790842872
