종목명,연도,총자산 증가율,유형자산 증가율,매출액 증가율,매출액 영업이익률,매출액 순이익률,총자산 영업이익률,총자산 순이익률,영업이익 이자보상비율,EBITDA대 매출액,유동비율,당좌비율,매출채권/매입채무비율,부채비율,유동부채비율,차입금의존도,총자산회전율,재고자산회전율,매출채권회전율
JNJ,2024,계산 불가 (이전 연도 필요),계산 불가 (이전 연도 필요),계산 불가 (이전 연도 필요),0.012384458630278875,0.1583634500850024,0.006107582285790432,0.07809932039266201,1.4569536423841059,0.35944202384571217,2.1308047278403923,0.7382018424167567,1.439433614586364,1.5192894111064486,0.5366987681146077,0.20340469950695153,0.49316506018744727,2.207569913211186,5.9844360598302115
