종목명,연도,총자산 증가율,유형자산 증가율,매출액 증가율,매출액 영업이익률,매출액 순이익률,총자산 영업이익률,총자산 순이익률,영업이익 이자보상비율,EBITDA대 매출액,유동비율,당좌비율,매출채권/매입채무비율,부채비율,유동부채비율,차입금의존도,총자산회전율,재고자산회전율,매출채권회전율
JNJ,2023,계산 불가 (이전 연도 필요),계산 불가 (이전 연도 필요),계산 불가 (이전 연도 필요),0.0023485480101926985,0.41279254101151963,0.001193616538750761,0.20979601093352748,0.25906735751295334,0.379548843927242,2.1725458077787514,0.785608167307912,1.5441237541528239,1.4363567627301015,0.5314828312277292,0.1750558015731866,0.5082359541173802,2.3748323048027906,5.725744637934512
