종목명,연도,총자산 증가율,유형자산 증가율,매출액 증가율,매출액 영업이익률,매출액 순이익률,총자산 영업이익률,총자산 순이익률,영업이익 이자보상비율,EBITDA대 매출액,유동비율,당좌비율,매출채권/매입채무비율,부채비율,유동부채비율,차입금의존도,총자산회전율,재고자산회전율,매출채권회전율
KO,2023,계산 불가 (이전 연도 필요),계산 불가 (이전 연도 필요),계산 불가 (이전 연도 필요),0.24721335839489444,0.23392490274074398,0.11576921895949971,0.10954627800579307,7.407334643091028,0.3656948026402063,1.5212852610820544,0.27385749807082227,0.6100178890876565,2.707027485447747,0.6643407430613901,0.43052925703407263,0.4682967769669304,3.934674502712477,13.417595307917889
