종목명,연도,총자산 증가율,유형자산 증가율,매출액 증가율,매출액 영업이익률,매출액 순이익률,총자산 영업이익률,총자산 순이익률,영업이익 이자보상비율,EBITDA대 매출액,유동비율,당좌비율,매출채권/매입채무비율,부채비율,유동부채비율,차입금의존도,총자산회전율,재고자산회전율,매출채권회전율
MCD,2023,계산 불가 (이전 연도 필요),계산 불가 (이전 연도 필요),계산 불가 (이전 연도 필요),0.45684620121834024,0.3321918748553564,0.2074330148824154,0.15083317303924712,8.55871546149324,0.552862079651051,0.8919501060293178,0.13088925723916325,2.255870885846405,-12.92912231499777,0.8872866803059808,0.945576595638576,0.4540543717540447,176.7935606060606,10.246663987138264
