종목명,연도,총자산 증가율,유형자산 증가율,매출액 증가율,매출액 영업이익률,매출액 순이익률,총자산 영업이익률,총자산 순이익률,영업이익 이자보상비율,EBITDA대 매출액,유동비율,당좌비율,매출채권/매입채무비율,부채비율,유동부채비율,차입금의존도,총자산회전율,재고자산회전율,매출채권회전율
MMM,2023,계산 불가 (이전 연도 필요),계산 불가 (이전 연도 필요),계산 불가 (이전 연도 필요),-0.43433563592035757,-0.2835839089800894,-0.21132858837485172,-0.13797943851324634,-11.359192348565356,-0.34047135310849247,1.1244780535919776,0.31053756370212066,0.011887608069164265,9.509465363012273,0.6653613930696535,0.3311783313562673,0.48655595096876236,3.7989350912778903,745.7575757575758
