종목명,연도,총자산 증가율,유형자산 증가율,매출액 증가율,매출액 영업이익률,매출액 순이익률,총자산 영업이익률,총자산 순이익률,영업이익 이자보상비율,EBITDA대 매출액,유동비율,당좌비율,매출채권/매입채무비율,부채비율,유동부채비율,차입금의존도,총자산회전율,재고자산회전율,매출채권회전율
MMM,2024,계산 불가 (이전 연도 필요),계산 불가 (이전 연도 필요),계산 불가 (이전 연도 필요),0.19621566632756868,0.17041709053916582,0.12094913213604896,0.1050466539580616,4.048698572628044,0.23637843336724312,0.9703050408609111,0.35892871591552716,0.011654135338345865,9.363352420614264,0.6871073553121699,0.3426055984749674,0.6164091501956457,3.9067063277447267,792.741935483871
