종목명,연도,총자산 증가율,유형자산 증가율,매출액 증가율,매출액 영업이익률,매출액 순이익률,총자산 영업이익률,총자산 순이익률,영업이익 이자보상비율,EBITDA대 매출액,유동비율,당좌비율,매출채권/매입채무비율,부채비율,유동부채비율,차입금의존도,총자산회전율,재고자산회전율,매출채권회전율
MRK,2023,계산 불가 (이전 연도 필요),계산 불가 (이전 연도 필요),계산 불가 (이전 연도 필요),0.00573900024952175,0.006271313316144057,0.0032341223341926413,0.0035340988985235527,0.3010471204188482,0.12535972718955335,1.718889862963134,0.39657638536427814,2.6387047424783274,1.8370985338335861,0.6278389339513326,0.32861495195687834,0.5635340988985236,2.536332179930796,5.8087737945695235
