종목명,연도,총자산 증가율,유형자산 증가율,매출액 증가율,매출액 영업이익률,매출액 순이익률,총자산 영업이익률,총자산 순이익률,영업이익 이자보상비율,EBITDA대 매출액,유동비율,당좌비율,매출채권/매입채무비율,부채비율,유동부채비율,차입금의존도,총자산회전율,재고자산회전율,매출채권회전율
MSFT,2024,계산 불가 (이전 연도 필요),계산 불가 (이전 연도 필요),계산 불가 (이전 연도 필요),0.44644299573273716,0.35955972944084985,0.21366830481702115,0.17208583985957596,37.285519591141394,0.5448633741565424,2.976596283783784,0.635464527027027,2.5879250772867795,0.9076606189729474,0.4858711620692202,0.1310656958819751,0.47860153896318164,59.481540930979136,4.3061274682032185
