종목명,연도,총자산 증가율,유형자산 증가율,매출액 증가율,매출액 영업이익률,매출액 순이익률,총자산 영업이익률,총자산 순이익률,영업이익 이자보상비율,EBITDA대 매출액,유동비율,당좌비율,매출채권/매입채무비율,부채비율,유동부채비율,차입금의존도,총자산회전율,재고자산회전율,매출채권회전율
MSFT,2023,계산 불가 (이전 연도 필요),계산 불가 (이전 연도 필요),계산 불가 (이전 연도 필요),0.417728806361041,0.3414623787839464,0.21487416742722876,0.175643726819038,44.98119918699187,0.4962131043106906,2.2412405023424276,0.8207550883823471,2.6906880353688862,0.9977209137681055,0.49381540001846874,0.14555459541332505,0.5143867603938094,26.3452,4.3525098586920805
