종목명,연도,총자산 증가율,유형자산 증가율,매출액 증가율,매출액 영업이익률,매출액 순이익률,총자산 영업이익률,총자산 순이익률,영업이익 이자보상비율,EBITDA대 매출액,유동비율,당좌비율,매출채권/매입채무비율,부채비율,유동부채비율,차입금의존도,총자산회전율,재고자산회전율,매출채권회전율
NKE,2023,계산 불가 (이전 연도 필요),계산 불가 (이전 연도 필요),계산 불가 (이전 연도 필요),0.005466934806802429,0.09899056953745826,0.007460499320561669,0.13508832698302736,,0.13226077279028448,0.8639198374325555,0.8108752014575012,1.4433962264150944,1.6800199942873464,0.6065796744166277,0.32357251338893184,1.3646585489328822,3.4214572983203215,12.398208666182523
