종목명,연도,총자산 증가율,유형자산 증가율,매출액 증가율,매출액 영업이익률,매출액 순이익률,총자산 영업이익률,총자산 순이익률,영업이익 이자보상비율,EBITDA대 매출액,유동비율,당좌비율,매출채권/매입채무비율,부채비율,유동부채비율,차입금의존도,총자산회전율,재고자산회전율,매출채권회전율
NKE,2024,계산 불가 (이전 연도 필요),계산 불가 (이전 연도 필요),계산 불가 (이전 연도 필요),0.004439079475098322,0.11097698687745804,0.005982681710837051,0.14956704277092628,,0.13930532300144075,0.9725681974478491,1.0916940475280814,1.5527884952648194,1.641025641025641,0.5526604729729729,0.3136184728417738,1.347730254526371,3.787072749035776,11.601987802123334
