종목명,연도,총자산 증가율,유형자산 증가율,매출액 증가율,매출액 영업이익률,매출액 순이익률,총자산 영업이익률,총자산 순이익률,영업이익 이자보상비율,EBITDA대 매출액,유동비율,당좌비율,매출채권/매입채무비율,부채비율,유동부채비율,차입금의존도,총자산회전율,재고자산회전율,매출채권회전율
NVDA,2023,계산 불가 (이전 연도 필요),계산 불가 (이전 연도 필요),계산 불가 (이전 연도 필요),0.1565952398606065,0.16193371394676356,0.10256908358020494,0.10606575688407557,16.12213740458015,0.27211388744717135,1.4466368429461576,0.5764499121265377,3.2078792958927074,0.8633545993393964,0.6560452806456685,0.29214219804769076,0.6549949006847652,2.251986819150998,7.04834073686961
