종목명,연도,총자산 증가율,유형자산 증가율,매출액 증가율,매출액 영업이익률,매출액 순이익률,총자산 영업이익률,총자산 순이익률,영업이익 이자보상비율,EBITDA대 매출액,유동비율,당좌비율,매출채권/매입채무비율,부채비율,유동부채비율,차입금의존도,총자산회전율,재고자산회전율,매출채권회전율
NVDA,2024,계산 불가 (이전 연도 필요),계산 불가 (이전 연도 필요),계산 불가 (이전 연도 필요),0.5412166376678376,0.4884934834706674,0.501643135345667,0.4527750730282376,128.295719844358,0.5840747184924986,1.7644195065599473,1.4257777044310587,3.7047054464616527,0.529340592861464,0.5327032967032967,0.16820837390457644,0.9268804771178188,3.1467247254827715,6.092809280928093
