종목명,연도,총자산 증가율,유형자산 증가율,매출액 증가율,매출액 영업이익률,매출액 순이익률,총자산 영업이익률,총자산 순이익률,영업이익 이자보상비율,EBITDA대 매출액,유동비율,당좌비율,매출채권/매입채무비율,부채비율,유동부채비율,차입금의존도,총자산회전율,재고자산회전율,매출채권회전율
PG,2023,계산 불가 (이전 연도 필요),계산 불가 (이전 연도 필요),계산 불가 (이전 연도 필요),0.2211301612077165,0.17971855717874302,0.15007986493308725,0.12197402941346862,23.986772486772487,0.26611467453600957,2.583166701747001,0.3608977057461587,0.37477736676257023,1.5769288325459092,0.5152648988666558,0.2931746517806156,0.6786946842231584,6.0455252368160615,14.989215865472492
