종목명,연도,총자산 증가율,유형자산 증가율,매출액 증가율,매출액 영업이익률,매출액 순이익률,총자산 영업이익률,총자산 순이익률,영업이익 이자보상비율,EBITDA대 매출액,유동비율,당좌비율,매출채권/매입채무비율,부채비율,유동부채비율,차입금의존도,총자산회전율,재고자산회전율,매출채권회전율
PG,2024,계산 불가 (이전 연도 필요),계산 불가 (이전 연도 필요),계산 불가 (이전 연도 필요),0.22067135496614668,0.1781791787146444,0.15154858216883224,0.12236659311922857,20.048648648648648,0.28466545294446627,2.5575487756972635,0.4085373837894461,0.39820359281437123,1.4280714314123215,0.5317356430680109,0.2726893846531013,0.6867614611424369,5.82212086659065,13.736351748937562
