종목명,연도,총자산 증가율,유형자산 증가율,매출액 증가율,매출액 영업이익률,매출액 순이익률,총자산 영업이익률,총자산 순이익률,영업이익 이자보상비율,EBITDA대 매출액,유동비율,당좌비율,매출채권/매입채무비율,부채비율,유동부채비율,차입금의존도,총자산회전율,재고자산회전율,매출채권회전율
SHW,2023,계산 불가 (이전 연도 필요),계산 불가 (이전 연도 필요),계산 불가 (이전 연도 필요),0.0008632694051249572,0.10362703291268832,0.0008669361865263304,0.10406719408915066,0.047664670658682635,0.18475700484558757,1.3829618528826406,0.21763124717524204,1.0660475161987042,5.177512245007804,0.6555414635160562,0.5144852403025129,1.0042475516676541,5.276761953815778,9.340694517606062
