종목명,연도,총자산 증가율,유형자산 증가율,매출액 증가율,매출액 영업이익률,매출액 순이익률,총자산 영업이익률,총자산 순이익률,영업이익 이자보상비율,EBITDA대 매출액,유동비율,당좌비율,매출채권/매입채무비율,부채비율,유동부채비율,차입금의존도,총자산회전율,재고자산회전율,매출채권회전율
UNH,2023,계산 불가 (이전 연도 필요),계산 불가 (이전 연도 필요),계산 불가 (이전 연도 필요),0.08804107386275518,0.06297121619011083,0.11821569487067075,0.08455355838082712,9.968576709796674,0.08772273510133784,2.5780955021320975,0.8501590822078762,0.3306139573912638,1.9694555861012213,0.43333276125422626,0.22847069998538652,1.3427334502411223,,17.274534686971236
