종목명,연도,총자산 증가율,유형자산 증가율,매출액 증가율,매출액 영업이익률,매출액 순이익률,총자산 영업이익률,총자산 순이익률,영업이익 이자보상비율,EBITDA대 매출액,유동비율,당좌비율,매출채권/매입채무비율,부채비율,유동부채비율,차입금의존도,총자산회전율,재고자산회전율,매출채권회전율
V,2023,계산 불가 (이전 연도 필요),계산 불가 (이전 연도 필요),계산 불가 (이전 연도 필요),0.6431262058616359,0.5289866168499066,0.2320467629476569,0.19086398744737512,32.608695652173914,0.7003950632407436,1.9871285056509,0.7241523650062788,6.109333333333334,1.3364831022642192,0.5537997913688522,0.22611299572370966,0.3608106166918971,,14.252728066346574
