종목명,연도,총자산 증가율,유형자산 증가율,매출액 증가율,매출액 영업이익률,매출액 순이익률,총자산 영업이익률,총자산 순이익률,영업이익 이자보상비율,EBITDA대 매출액,유동비율,당좌비율,매출채권/매입채무비율,부채비율,유동부채비율,차입금의존도,총자산회전율,재고자산회전율,매출채권회전율
V,2024,계산 불가 (이전 연도 필요),계산 불가 (이전 연도 필요),계산 불가 (이전 연도 필요),0.6567666870789957,0.5495462895952792,0.24965347948916,0.2088963189470009,36.80967238689548,0.6984078383343539,2.095782652389368,0.6580725647156669,5.346555323590814,1.4148759485908475,0.5211290497345324,0.22046111034694374,0.3801250648072711,,14.028114017961734
