종목명,연도,총자산 증가율,유형자산 증가율,매출액 증가율,매출액 영업이익률,매출액 순이익률,총자산 영업이익률,총자산 순이익률,영업이익 이자보상비율,EBITDA대 매출액,유동비율,당좌비율,매출채권/매입채무비율,부채비율,유동부채비율,차입금의존도,총자산회전율,재고자산회전율,매출채권회전율
VZ,2023,계산 불가 (이전 연도 필요),계산 불가 (이전 연도 필요),계산 불가 (이전 연도 필요),0.1707570125546748,0.09027871079463179,0.060162259536363755,0.03180760279286268,4.141383055756698,0.34087210951378627,1.4725231849695368,0.11640719795226233,2.5032431893024647,3.0991669371416206,0.8142018320440138,0.46006495641082956,0.35232672811665855,26.68303354399611,5.340801275662747
