종목명,연도,총자산 증가율,유형자산 증가율,매출액 증가율,매출액 영업이익률,매출액 순이익률,총자산 영업이익률,총자산 순이익률,영업이익 이자보상비율,EBITDA대 매출액,유동비율,당좌비율,매출채권/매입채무비율,부채비율,유동부채비율,차입금의존도,총자산회전율,재고자산회전율,매출채권회전율
VZ,2024,계산 불가 (이전 연도 필요),계산 불가 (이전 연도 필요),계산 불가 (이전 연도 필요),0.21282309997922663,0.13316467341306348,0.07456506312530704,0.04665580136777997,4.314332982403369,0.3496973024304834,1.5690196704123265,0.13813963029653772,2.5044604316546764,2.8632062637927387,0.7720422614522623,0.43761940781521713,0.35036170008135975,24.075211392968402,5.162511011528592
