종목명,연도,총자산 증가율,유형자산 증가율,매출액 증가율,매출액 영업이익률,매출액 순이익률,총자산 영업이익률,총자산 순이익률,영업이익 이자보상비율,EBITDA대 매출액,유동비율,당좌비율,매출채권/매입채무비율,부채비율,유동부채비율,차입금의존도,총자산회전율,재고자산회전율,매출채권회전율
WMT,2024,계산 불가 (이전 연도 필요),계산 불가 (이전 연도 필요),계산 불가 (이전 연도 필요),0.0416771456123433,0.02510318225650916,0.1070210262322751,0.06446142813561068,10.067834513604174,0.05613731918997107,2.5286617780531024,0.2688689438577788,0.15482644511722876,1.9297170317549277,0.4289307165632647,0.24295262659519254,2.5678588266989966,8.929206441740144,73.68406093678945
