종목명,연도,총자산 증가율,유형자산 증가율,매출액 증가율,매출액 영업이익률,매출액 순이익률,총자산 영업이익률,총자산 순이익률,영업이익 이자보상비율,EBITDA대 매출액,유동비율,당좌비율,매출채권/매입채무비율,부채비율,유동부채비율,차입금의존도,총자산회전율,재고자산회전율,매출채권회전율
WMT,2023,계산 불가 (이전 연도 필요),계산 불가 (이전 연도 필요),계산 불가 (이전 연도 필요),0.03341790871420883,0.01847244102216791,0.08399774668273047,0.046431493809545345,9.599624060150376,0.04922221731455989,2.5003283190066856,0.24710482330468003,0.14761266793197128,2.075886977951052,0.4208886599751266,0.24228506108216796,2.5135548547062667,8.19642604638009,77.05647296104878
